Customer ID,Customer Name,Age,Gender,Location
1,Customer 1,61,Female,Siraha
2,Customer 2,29,Male,Rajbiraj
3,Customer 3,59,Female,Bhimdatta
4,Customer 4,54,Female,Jaleshwar
5,Customer 5,30,Female,Damauli
6,Customer 6,21,Female,Narayangarh
7,Customer 7,54,Female,Tulsipur
8,Customer 8,46,Male,Panauti
9,Customer 9,52,Male,Dhangadhi
10,Customer 10,35,Male,Ghorahi
11,Customer 11,18,Female,Dipayal Silgadhi
12,Customer 12,26,Female,Siddharthanagar
13,Customer 13,63,Male,Mahendranagar
14,Customer 14,47,Female,Dhankuta
15,Customer 15,41,Male,Narayangarh
16,Customer 16,29,Male,Birendranagar
17,Customer 17,36,Male,Khandbari
18,Customer 18,58,Female,Hetauda
19,Customer 19,58,Female,Ramechhap
20,Customer 20,58,Male,Bharatpur
21,Customer 21,44,Male,Dharan
22,Customer 22,26,Male,Damauli
23,Customer 23,59,Male,Nepalgunj
24,Customer 24,53,Male,Tulsipur
25,Customer 25,45,Male,Mahendranagar
26,Customer 26,38,Female,Lamki Chuha
27,Customer 27,47,Female,Tikapur
28,Customer 28,42,Female,Panauti
29,Customer 29,21,Female,Ramechhap
30,Customer 30,40,Male,Kalaiya
31,Customer 31,59,Female,Dhangadhi
32,Customer 32,51,Male,Dipayal Silgadhi
33,Customer 33,58,Male,Baglung
34,Customer 34,54,Female,Rajbiraj
35,Customer 35,35,Male,Gaur
36,Customer 36,44,Male,Hetauda
37,Customer 37,55,Female,Panauti
38,Customer 38,24,Male,Ghorahi
39,Customer 39,65,Female,Siraha
40,Customer 40,55,Female,Narayangarh
41,Customer 41,27,Female,Birendranagar
42,Customer 42,54,Male,Mahendranagar
43,Customer 43,42,Male,Bhadrapur
44,Customer 44,41,Female,Ghorahi
45,Customer 45,43,Male,Tikapur
46,Customer 46,27,Male,Birendranagar
47,Customer 47,56,Female,Narayangarh
48,Customer 48,52,Female,Bhimdatta
49,Customer 49,36,Male,Birendranagar
50,Customer 50,19,Female,Dhankuta
51,Customer 51,23,Female,Dhulikhel
52,Customer 52,20,Female,Baglung
53,Customer 53,61,Female,Siddharthanagar
54,Customer 54,52,Male,Lahan
55,Customer 55,21,Male,Narayangarh
56,Customer 56,38,Female,Bhimdatta
57,Customer 57,51,Male,Birendranagar
58,Customer 58,38,Female,Mahendranagar
59,Customer 59,53,Male,Rajbiraj
60,Customer 60,37,Male,Kathmandu
61,Customer 61,50,Female,Rajbiraj
62,Customer 62,48,Male,Bhimdatta
63,Customer 63,27,Male,Pokhara
64,Customer 64,18,Male,Damauli
65,Customer 65,18,Male,Panauti
66,Customer 66,54,Female,Siddharthanagar
67,Customer 67,59,Male,Ramechhap
68,Customer 68,41,Male,Triyuga
69,Customer 69,59,Male,Biratnagar
70,Customer 70,63,Male,Lalitpur
71,Customer 71,25,Male,Madhyapur Thimi
72,Customer 72,28,Female,Butwal
73,Customer 73,24,Female,Dhankuta
74,Customer 74,18,Female,Kirtipur
75,Customer 75,30,Female,Birgunj
76,Customer 76,52,Male,Gorkha
77,Customer 77,60,Male,Gorkha
78,Customer 78,19,Male,Triyuga
79,Customer 79,31,Female,Ghorahi
80,Customer 80,30,Female,Kirtipur
81,Customer 81,34,Male,Jaleshwar
82,Customer 82,54,Male,Siddharthanagar
83,Customer 83,63,Female,Waling
84,Customer 84,47,Female,Itahari
85,Customer 85,42,Male,Pokhara
86,Customer 86,64,Female,Ghorahi
87,Customer 87,45,Male,Siddharthanagar
88,Customer 88,54,Female,Tulsipur
89,Customer 89,53,Male,Itahari
90,Customer 90,30,Female,Bharatpur
91,Customer 91,44,Female,Tikapur
92,Customer 92,40,Male,Nepalgunj
93,Customer 93,27,Female,Tulsipur
94,Customer 94,36,Female,Tansen
95,Customer 95,21,Male,Waling
96,Customer 96,31,Female,Kirtipur
97,Customer 97,35,Male,Jaleshwar
98,Customer 98,36,Male,Lahan
99,Customer 99,43,Male,Siddharthanagar
100,Customer 100,23,Female,Nepalgunj
101,Customer 101,58,Female,Tansen
102,Customer 102,52,Female,Madhyapur Thimi
103,Customer 103,55,Male,Baglung
104,Customer 104,19,Male,Rajbiraj
105,Customer 105,61,Female,Dharan
106,Customer 106,63,Female,Dharan
107,Customer 107,53,Female,Birendranagar
108,Customer 108,25,Female,Triyuga
109,Customer 109,19,Male,Birgunj
110,Customer 110,32,Female,Tansen
111,Customer 111,26,Male,Tikapur
112,Customer 112,18,Female,Nepalgunj
113,Customer 113,50,Female,Ramechhap
114,Customer 114,43,Male,Baglung
115,Customer 115,55,Female,Ramechhap
116,Customer 116,38,Male,Madhyapur Thimi
117,Customer 117,37,Female,Damauli
118,Customer 118,36,Female,Waling
119,Customer 119,60,Female,Damauli
120,Customer 120,33,Male,Narayangarh
121,Customer 121,33,Male,Nepalgunj
122,Customer 122,36,Female,Tulsipur
123,Customer 123,64,Male,Gaur
124,Customer 124,20,Female,Tikapur
125,Customer 125,47,Female,Kathmandu
126,Customer 126,25,Male,Tulsipur
127,Customer 127,53,Female,Gorkha
128,Customer 128,38,Female,Tikapur
129,Customer 129,49,Male,Panauti
130,Customer 130,56,Male,Ramechhap
131,Customer 131,33,Male,Birgunj
132,Customer 132,28,Female,Rajbiraj
133,Customer 133,56,Female,Birendranagar
134,Customer 134,19,Male,Ramechhap
135,Customer 135,52,Female,Rajbiraj
136,Customer 136,46,Male,Ghorahi
137,Customer 137,29,Female,Gaur
138,Customer 138,57,Male,Narayangarh
139,Customer 139,59,Female,Ramechhap
140,Customer 140,24,Female,Baglung
141,Customer 141,25,Male,Birendranagar
142,Customer 142,64,Male,Dharan
143,Customer 143,64,Male,Siddharthanagar
144,Customer 144,49,Female,Dipayal Silgadhi
145,Customer 145,22,Female,Birendranagar
146,Customer 146,41,Male,Dhangadhi
147,Customer 147,58,Male,Khandbari
148,Customer 148,48,Female,Ghorahi
149,Customer 149,58,Male,Butwal
150,Customer 150,30,Male,Gorkha
151,Customer 151,28,Male,Dhulikhel
152,Customer 152,57,Female,Nepalgunj
153,Customer 153,22,Female,Kirtipur
154,Customer 154,53,Female,Birgunj
155,Customer 155,23,Female,Bhimdatta
156,Customer 156,18,Female,Ghorahi
157,Customer 157,62,Female,Bharatpur
158,Customer 158,40,Female,Triyuga
159,Customer 159,32,Male,Hetauda
160,Customer 160,62,Female,Ramechhap
161,Customer 161,56,Male,Kalaiya
162,Customer 162,59,Female,Birendranagar
163,Customer 163,43,Male,Waling
164,Customer 164,34,Male,Bhimdatta
165,Customer 165,40,Male,Ramechhap
166,Customer 166,60,Female,Damauli
167,Customer 167,61,Female,Tulsipur
168,Customer 168,53,Female,Bhimdatta
169,Customer 169,20,Female,Tansen
170,Customer 170,29,Female,Panauti
171,Customer 171,20,Female,Waling
172,Customer 172,27,Male,Birgunj
173,Customer 173,35,Female,Ghorahi
174,Customer 174,22,Male,Pokhara
175,Customer 175,55,Female,Siraha
176,Customer 176,62,Male,Butwal
177,Customer 177,35,Male,Baglung
178,Customer 178,29,Male,Tulsipur
179,Customer 179,36,Female,Madhyapur Thimi
180,Customer 180,25,Female,Dharan
181,Customer 181,62,Female,Biratnagar
182,Customer 182,34,Female,Gorkha
183,Customer 183,24,Female,Dhankuta
184,Customer 184,29,Female,Birendranagar
185,Customer 185,61,Female,Waling
186,Customer 186,32,Female,Panauti
187,Customer 187,41,Female,Itahari
188,Customer 188,51,Female,Kalaiya
189,Customer 189,63,Male,Biratnagar
190,Customer 190,20,Male,Triyuga
191,Customer 191,52,Female,Dharan
192,Customer 192,50,Male,Tansen
193,Customer 193,28,Female,Butwal
194,Customer 194,52,Male,Narayangarh
195,Customer 195,56,Female,Madhyapur Thimi
196,Customer 196,43,Male,Rajbiraj
197,Customer 197,25,Female,Kathmandu
198,Customer 198,60,Male,Gaur
199,Customer 199,63,Male,Tulsipur
200,Customer 200,54,Female,Jaleshwar
201,Customer 201,62,Male,Nepalgunj
202,Customer 202,49,Female,Butwal
203,Customer 203,19,Male,Nepalganj
204,Customer 204,21,Male,Siraha
205,Customer 205,65,Female,Madhyapur Thimi
206,Customer 206,27,Male,Janakpur
207,Customer 207,28,Male,Dhulikhel
208,Customer 208,52,Male,Nepalgunj
209,Customer 209,32,Male,Tulsipur
210,Customer 210,65,Female,Mahendranagar
211,Customer 211,41,Female,Kirtipur
212,Customer 212,31,Male,Rajbiraj
213,Customer 213,29,Female,Tulsipur
214,Customer 214,40,Male,Dhulikhel
215,Customer 215,50,Female,Siraha
216,Customer 216,61,Female,Lahan
217,Customer 217,24,Male,Kirtipur
218,Customer 218,63,Male,Birendranagar
219,Customer 219,18,Female,Ramechhap
220,Customer 220,31,Male,Itahari
221,Customer 221,28,Male,Rajbiraj
222,Customer 222,41,Male,Dhangadhi
223,Customer 223,45,Male,Dhulikhel
224,Customer 224,53,Female,Lahan
225,Customer 225,18,Male,Madhyapur Thimi
226,Customer 226,53,Male,Nepalganj
227,Customer 227,25,Male,Gorkha
228,Customer 228,59,Male,Siddharthanagar
229,Customer 229,37,Female,Lamki Chuha
230,Customer 230,46,Female,Baglung
231,Customer 231,23,Male,Itahari
232,Customer 232,55,Female,Rajbiraj
233,Customer 233,55,Female,Lalitpur
234,Customer 234,65,Female,Birendranagar
235,Customer 235,59,Male,Rajbiraj
236,Customer 236,51,Male,Dipayal Silgadhi
237,Customer 237,20,Male,Panauti
238,Customer 238,47,Male,Biratnagar
239,Customer 239,48,Male,Tulsipur
240,Customer 240,22,Male,Dhankuta
241,Customer 241,43,Male,Itahari
242,Customer 242,28,Female,Dipayal Silgadhi
243,Customer 243,30,Female,Bhadrapur
244,Customer 244,61,Female,Rajbiraj
245,Customer 245,57,Male,Biratnagar
246,Customer 246,33,Male,Dipayal Silgadhi
247,Customer 247,60,Female,Rajbiraj
248,Customer 248,26,Male,Waling
249,Customer 249,35,Male,Lalitpur
250,Customer 250,56,Male,Hetauda
251,Customer 251,40,Female,Waling
252,Customer 252,23,Male,Dharan
253,Customer 253,45,Female,Ramechhap
254,Customer 254,29,Female,Birendranagar
255,Customer 255,56,Male,Gulariya
256,Customer 256,37,Male,Tansen
257,Customer 257,37,Male,Bhadrapur
258,Customer 258,48,Female,Nepalgunj
259,Customer 259,56,Female,Dhulikhel
260,Customer 260,52,Male,Gaur
261,Customer 261,49,Male,Birgunj
262,Customer 262,23,Male,Madhyapur Thimi
263,Customer 263,52,Male,Butwal
264,Customer 264,18,Female,Tikapur
265,Customer 265,44,Female,Dharan
266,Customer 266,24,Female,Gorkha
267,Customer 267,23,Male,Butwal
268,Customer 268,63,Female,Damauli
269,Customer 269,37,Male,Gaur
270,Customer 270,21,Female,Gulariya
271,Customer 271,57,Male,Lalitpur
272,Customer 272,65,Female,Tansen
273,Customer 273,21,Male,Baglung
274,Customer 274,49,Male,Gorkha
275,Customer 275,55,Female,Birendranagar
276,Customer 276,25,Male,Kirtipur
277,Customer 277,64,Male,Tulsipur
278,Customer 278,57,Female,Bhadrapur
279,Customer 279,20,Female,Tulsipur
280,Customer 280,26,Male,Dharan
281,Customer 281,25,Male,Kalaiya
282,Customer 282,30,Male,Baglung
283,Customer 283,44,Female,Siddharthanagar
284,Customer 284,44,Female,Birgunj
285,Customer 285,21,Female,Madhyapur Thimi
286,Customer 286,36,Male,Baglung
287,Customer 287,35,Male,Kirtipur
288,Customer 288,22,Male,Birendranagar
289,Customer 289,31,Female,Kalaiya
290,Customer 290,19,Male,Rajbiraj
291,Customer 291,28,Male,Biratnagar
292,Customer 292,19,Male,Baglung
293,Customer 293,45,Female,Lalitpur
294,Customer 294,22,Male,Triyuga
295,Customer 295,40,Female,Triyuga
296,Customer 296,58,Female,Hetauda
297,Customer 297,36,Female,Bhadrapur
298,Customer 298,64,Male,Kathmandu
299,Customer 299,65,Female,Tulsipur
300,Customer 300,53,Female,Bharatpur
301,Customer 301,26,Female,Tikapur
302,Customer 302,51,Male,Nepalgunj
303,Customer 303,19,Male,Rajbiraj
304,Customer 304,46,Male,Triyuga
305,Customer 305,46,Female,Bharatpur
306,Customer 306,62,Female,Dipayal Silgadhi
307,Customer 307,43,Female,Rajbiraj
308,Customer 308,53,Male,Kathmandu
309,Customer 309,50,Female,Birendranagar
310,Customer 310,46,Male,Panauti
311,Customer 311,47,Male,Tulsipur
312,Customer 312,47,Female,Janakpur
313,Customer 313,65,Male,Dharan
314,Customer 314,24,Female,Gaur
315,Customer 315,36,Female,Ghorahi
316,Customer 316,27,Male,Butwal
317,Customer 317,27,Female,Dharan
318,Customer 318,50,Female,Lalitpur
319,Customer 319,63,Male,Tulsipur
320,Customer 320,27,Female,Panauti
321,Customer 321,31,Female,Pokhara
322,Customer 322,35,Female,Bhimdatta
323,Customer 323,47,Female,Khandbari
324,Customer 324,65,Male,Gaur
325,Customer 325,56,Male,Siddharthanagar
326,Customer 326,21,Female,Gorkha
327,Customer 327,64,Female,Gorkha
328,Customer 328,21,Male,Triyuga
329,Customer 329,25,Female,Rajbiraj
330,Customer 330,33,Male,Tulsipur
331,Customer 331,46,Male,Siddharthanagar
332,Customer 332,47,Female,Madhyapur Thimi
333,Customer 333,56,Male,Tulsipur
334,Customer 334,53,Female,Damauli
335,Customer 335,51,Male,Dipayal Silgadhi
336,Customer 336,19,Male,Pokhara
337,Customer 337,44,Female,Kirtipur
338,Customer 338,53,Female,Siraha
339,Customer 339,37,Male,Khandbari
340,Customer 340,32,Male,Tulsipur
341,Customer 341,56,Male,Birendranagar
342,Customer 342,41,Female,Panauti
343,Customer 343,19,Male,Birgunj
344,Customer 344,64,Male,Mahendranagar
345,Customer 345,62,Female,Gorkha
346,Customer 346,38,Female,Damauli
347,Customer 347,23,Male,Siddharthanagar
348,Customer 348,35,Female,Damauli
349,Customer 349,46,Male,Khandbari
350,Customer 350,41,Male,Tikapur
351,Customer 351,43,Female,Baglung
352,Customer 352,59,Female,Ghorahi
353,Customer 353,58,Male,Tansen
354,Customer 354,33,Female,Tulsipur
355,Customer 355,46,Male,Rajbiraj
356,Customer 356,49,Female,Birendranagar
357,Customer 357,23,Female,Itahari
358,Customer 358,31,Female,Gaur
359,Customer 359,42,Male,Mahendranagar
360,Customer 360,46,Female,Gorkha
361,Customer 361,57,Female,Siddharthanagar
362,Customer 362,46,Female,Butwal
363,Customer 363,23,Male,Dhangadhi
364,Customer 364,48,Male,Hetauda
365,Customer 365,42,Female,Dharan
366,Customer 366,53,Male,Damauli
367,Customer 367,44,Male,Dhankuta
368,Customer 368,24,Female,Birendranagar
369,Customer 369,29,Male,Bhimdatta
370,Customer 370,64,Male,Butwal
371,Customer 371,38,Female,Gulariya
372,Customer 372,59,Male,Tulsipur
373,Customer 373,59,Female,Waling
374,Customer 374,59,Male,Biratnagar
375,Customer 375,27,Male,Gulariya
376,Customer 376,50,Male,Rajbiraj
377,Customer 377,40,Male,Tikapur
378,Customer 378,31,Male,Butwal
379,Customer 379,30,Female,Triyuga
380,Customer 380,30,Female,Triyuga
381,Customer 381,20,Female,Baglung
382,Customer 382,65,Male,Bhadrapur
383,Customer 383,29,Female,Dipayal Silgadhi
384,Customer 384,47,Male,Biratnagar
385,Customer 385,60,Female,Triyuga
386,Customer 386,18,Female,Mahendranagar
387,Customer 387,27,Male,Bhadrapur
388,Customer 388,51,Female,Nepalganj
389,Customer 389,24,Female,Jaleshwar
390,Customer 390,42,Female,Panauti
391,Customer 391,26,Female,Birendranagar
392,Customer 392,60,Female,Dhangadhi
393,Customer 393,27,Male,Dipayal Silgadhi
394,Customer 394,32,Male,Pokhara
395,Customer 395,39,Female,Bhadrapur
396,Customer 396,40,Male,Rajbiraj
397,Customer 397,61,Male,Dhankuta
398,Customer 398,36,Female,Lahan
399,Customer 399,22,Female,Lahan
400,Customer 400,23,Male,Kathmandu
401,Customer 401,44,Male,Ramechhap
402,Customer 402,56,Male,Kirtipur
403,Customer 403,38,Female,Gaur
404,Customer 404,26,Male,Bhadrapur
405,Customer 405,20,Female,Madhyapur Thimi
406,Customer 406,44,Female,Siddharthanagar
407,Customer 407,22,Female,Janakpur
408,Customer 408,64,Female,Lalitpur
409,Customer 409,51,Female,Bharatpur
410,Customer 410,31,Male,Lalitpur
411,Customer 411,61,Male,Dharan
412,Customer 412,61,Female,Tulsipur
413,Customer 413,49,Male,Lahan
414,Customer 414,33,Male,Pokhara
415,Customer 415,43,Male,Dharan
416,Customer 416,42,Female,Dhangadhi
417,Customer 417,21,Female,Kathmandu
418,Customer 418,33,Male,Birendranagar
419,Customer 419,48,Male,Itahari
420,Customer 420,54,Female,Janakpur
421,Customer 421,37,Male,Dhankuta
422,Customer 422,57,Male,Hetauda
423,Customer 423,38,Male,Nepalganj
424,Customer 424,47,Female,Janakpur
425,Customer 425,45,Male,Nepalganj
426,Customer 426,59,Female,Gulariya
427,Customer 427,56,Male,Janakpur
428,Customer 428,22,Female,Panauti
429,Customer 429,45,Female,Janakpur
430,Customer 430,23,Male,Tulsipur
431,Customer 431,49,Female,Madhyapur Thimi
432,Customer 432,59,Female,Siddharthanagar
433,Customer 433,52,Male,Siddharthanagar
434,Customer 434,62,Female,Siraha
435,Customer 435,19,Male,Nepalganj
436,Customer 436,30,Male,Lalitpur
437,Customer 437,25,Male,Pokhara
438,Customer 438,39,Female,Dipayal Silgadhi
439,Customer 439,29,Male,Kirtipur
440,Customer 440,31,Male,Jaleshwar
441,Customer 441,47,Female,Ramechhap
442,Customer 442,58,Female,Gorkha
443,Customer 443,58,Male,Damauli
444,Customer 444,63,Male,Dhankuta
445,Customer 445,22,Female,Dipayal Silgadhi
446,Customer 446,22,Male,Birendranagar
447,Customer 447,53,Male,Pokhara
448,Customer 448,49,Female,Itahari
449,Customer 449,53,Female,Birendranagar
450,Customer 450,62,Female,Birgunj
451,Customer 451,33,Female,Tulsipur
452,Customer 452,49,Female,Dipayal Silgadhi
453,Customer 453,51,Male,Siddharthanagar
454,Customer 454,38,Female,Ghorahi
455,Customer 455,63,Male,Hetauda
456,Customer 456,54,Male,Siraha
457,Customer 457,30,Female,Tulsipur
458,Customer 458,34,Male,Rajbiraj
459,Customer 459,64,Male,Biratnagar
460,Customer 460,37,Female,Janakpur
461,Customer 461,63,Female,Bhimdatta
462,Customer 462,38,Female,Madhyapur Thimi
463,Customer 463,29,Female,Narayangarh
464,Customer 464,29,Female,Damauli
465,Customer 465,45,Female,Dhulikhel
466,Customer 466,22,Female,Dipayal Silgadhi
467,Customer 467,44,Female,Damauli
468,Customer 468,22,Male,Ramechhap
469,Customer 469,24,Female,Biratnagar
470,Customer 470,36,Male,Madhyapur Thimi
471,Customer 471,51,Male,Tikapur
472,Customer 472,59,Female,Triyuga
473,Customer 473,46,Female,Janakpur
474,Customer 474,63,Female,Siddharthanagar
475,Customer 475,56,Male,Siddharthanagar
476,Customer 476,18,Male,Lamki Chuha
477,Customer 477,50,Male,Dhankuta
478,Customer 478,62,Female,Narayangarh
479,Customer 479,54,Male,Itahari
480,Customer 480,19,Female,Gulariya
481,Customer 481,56,Female,Gorkha
482,Customer 482,59,Female,Tikapur
483,Customer 483,57,Male,Bhimdatta
484,Customer 484,50,Male,Butwal
485,Customer 485,23,Female,Siraha
486,Customer 486,43,Female,Panauti
487,Customer 487,46,Female,Biratnagar
488,Customer 488,58,Male,Gulariya
489,Customer 489,51,Female,Jaleshwar
490,Customer 490,32,Male,Tulsipur
491,Customer 491,45,Female,Dhulikhel
492,Customer 492,46,Female,Biratnagar
493,Customer 493,47,Male,Siddharthanagar
494,Customer 494,55,Male,Tikapur
495,Customer 495,51,Female,Khandbari
496,Customer 496,27,Female,Birendranagar
497,Customer 497,57,Male,Rajbiraj
498,Customer 498,43,Male,Lalitpur
499,Customer 499,24,Female,Tulsipur
500,Customer 500,46,Male,Tikapur
501,Customer 501,38,Female,Triyuga
502,Customer 502,33,Male,Kathmandu
503,Customer 503,49,Male,Ghorahi
504,Customer 504,30,Male,Khandbari
505,Customer 505,31,Female,Gaur
506,Customer 506,50,Male,Dhulikhel
507,Customer 507,45,Female,Mahendranagar
508,Customer 508,19,Male,Kalaiya
509,Customer 509,31,Male,Bhadrapur
510,Customer 510,27,Female,Lalitpur
511,Customer 511,64,Female,Triyuga
512,Customer 512,18,Male,Bhimdatta
513,Customer 513,40,Male,Baglung
514,Customer 514,58,Male,Dharan
515,Customer 515,56,Male,Baglung
516,Customer 516,40,Male,Siraha
517,Customer 517,36,Male,Baglung
518,Customer 518,55,Female,Biratnagar
519,Customer 519,20,Female,Dhulikhel
520,Customer 520,18,Female,Khandbari
521,Customer 521,28,Female,Siraha
522,Customer 522,43,Male,Gorkha
523,Customer 523,53,Male,Waling
524,Customer 524,21,Male,Triyuga
525,Customer 525,61,Male,Triyuga
526,Customer 526,53,Male,Lahan
527,Customer 527,20,Female,Dhulikhel
528,Customer 528,18,Female,Tulsipur
529,Customer 529,19,Female,Dhankuta
530,Customer 530,41,Male,Janakpur
531,Customer 531,46,Female,Madhyapur Thimi
532,Customer 532,43,Female,Tikapur
533,Customer 533,60,Male,Siraha
534,Customer 534,60,Male,Rajbiraj
535,Customer 535,52,Female,Damauli
536,Customer 536,20,Male,Rajbiraj
537,Customer 537,40,Female,Madhyapur Thimi
538,Customer 538,45,Male,Tulsipur
539,Customer 539,26,Male,Ramechhap
540,Customer 540,30,Female,Narayangarh
541,Customer 541,27,Male,Dhankuta
542,Customer 542,61,Male,Narayangarh
543,Customer 543,49,Male,Madhyapur Thimi
544,Customer 544,40,Female,Biratnagar
545,Customer 545,52,Male,Dhankuta
546,Customer 546,65,Male,Kirtipur
547,Customer 547,60,Male,Khandbari
548,Customer 548,46,Male,Kathmandu
549,Customer 549,30,Female,Ramechhap
550,Customer 550,21,Male,Dhangadhi
551,Customer 551,38,Female,Mahendranagar
552,Customer 552,27,Male,Kathmandu
553,Customer 553,35,Female,Janakpur
554,Customer 554,48,Male,Tulsipur
555,Customer 555,61,Male,Tulsipur
556,Customer 556,44,Female,Siddharthanagar
557,Customer 557,43,Female,Dipayal Silgadhi
558,Customer 558,55,Male,Gulariya
559,Customer 559,48,Male,Mahendranagar
560,Customer 560,30,Male,Baglung
561,Customer 561,53,Male,Birendranagar
562,Customer 562,30,Male,Butwal
563,Customer 563,23,Female,Itahari
564,Customer 564,51,Female,Mahendranagar
565,Customer 565,48,Female,Butwal
566,Customer 566,24,Male,Lalitpur
567,Customer 567,55,Female,Madhyapur Thimi
568,Customer 568,22,Female,Dipayal Silgadhi
569,Customer 569,21,Male,Bhimdatta
570,Customer 570,57,Male,Bharatpur
571,Customer 571,58,Female,Madhyapur Thimi
572,Customer 572,23,Female,Baglung
573,Customer 573,60,Male,Hetauda
574,Customer 574,38,Female,Dipayal Silgadhi
575,Customer 575,53,Female,Birendranagar
576,Customer 576,18,Female,Narayangarh
577,Customer 577,30,Male,Rajbiraj
578,Customer 578,30,Female,Dharan
579,Customer 579,46,Male,Tikapur
580,Customer 580,33,Male,Tikapur
581,Customer 581,29,Male,Baglung
582,Customer 582,22,Female,Tulsipur
583,Customer 583,38,Female,Dipayal Silgadhi
584,Customer 584,54,Male,Lalitpur
585,Customer 585,46,Female,Dhankuta
586,Customer 586,27,Female,Janakpur
587,Customer 587,22,Female,Bharatpur
588,Customer 588,62,Female,Butwal
589,Customer 589,53,Female,Siddharthanagar
590,Customer 590,35,Male,Gaur
591,Customer 591,25,Female,Nepalganj
592,Customer 592,55,Female,Gorkha
593,Customer 593,18,Male,Tulsipur
594,Customer 594,23,Male,Damauli
595,Customer 595,59,Female,Ghorahi
596,Customer 596,58,Female,Damauli
597,Customer 597,52,Female,Rajbiraj
598,Customer 598,41,Male,Tansen
599,Customer 599,64,Female,Triyuga
600,Customer 600,18,Female,Dhulikhel
601,Customer 601,18,Male,Tulsipur
602,Customer 602,61,Female,Dhulikhel
603,Customer 603,60,Female,Damauli
604,Customer 604,19,Male,Kalaiya
605,Customer 605,56,Male,Butwal
606,Customer 606,24,Male,Dharan
607,Customer 607,35,Female,Siraha
608,Customer 608,45,Female,Kalaiya
609,Customer 609,61,Female,Tulsipur
610,Customer 610,41,Female,Tansen
611,Customer 611,21,Female,Bharatpur
612,Customer 612,21,Female,Kalaiya
613,Customer 613,46,Female,Dhangadhi
614,Customer 614,43,Male,Siddharthanagar
615,Customer 615,22,Female,Kathmandu
616,Customer 616,31,Female,Triyuga
617,Customer 617,53,Male,Birendranagar
618,Customer 618,58,Female,Itahari
619,Customer 619,36,Female,Nepalganj
620,Customer 620,32,Female,Damauli
621,Customer 621,23,Male,Gulariya
622,Customer 622,49,Male,Bhadrapur
623,Customer 623,54,Male,Khandbari
624,Customer 624,37,Male,Madhyapur Thimi
625,Customer 625,20,Female,Kathmandu
626,Customer 626,47,Male,Pokhara
627,Customer 627,30,Female,Lalitpur
628,Customer 628,36,Female,Biratnagar
629,Customer 629,41,Male,Birendranagar
630,Customer 630,57,Male,Dhankuta
631,Customer 631,61,Female,Khandbari
632,Customer 632,25,Male,Kirtipur
633,Customer 633,51,Male,Gaur
634,Customer 634,31,Female,Ghorahi
635,Customer 635,65,Male,Jaleshwar
636,Customer 636,44,Female,Birgunj
637,Customer 637,64,Male,Biratnagar
638,Customer 638,24,Female,Birendranagar
639,Customer 639,23,Female,Birendranagar
640,Customer 640,35,Female,Dhulikhel
641,Customer 641,19,Female,Narayangarh
642,Customer 642,38,Male,Gaur
643,Customer 643,34,Female,Bhimdatta
644,Customer 644,20,Male,Rajbiraj
645,Customer 645,24,Female,Lahan
646,Customer 646,29,Female,Kathmandu
647,Customer 647,48,Male,Lalitpur
648,Customer 648,51,Male,Tikapur
649,Customer 649,26,Male,Kalaiya
650,Customer 650,55,Female,Dhulikhel
651,Customer 651,32,Female,Butwal
652,Customer 652,51,Male,Waling
653,Customer 653,39,Male,Dhankuta
654,Customer 654,62,Female,Dhangadhi
655,Customer 655,36,Male,Tulsipur
656,Customer 656,28,Female,Gorkha
657,Customer 657,18,Male,Madhyapur Thimi
658,Customer 658,38,Male,Itahari
659,Customer 659,62,Female,Waling
660,Customer 660,20,Male,Pokhara
661,Customer 661,65,Male,Janakpur
662,Customer 662,49,Male,Pokhara
663,Customer 663,25,Female,Lalitpur
664,Customer 664,18,Female,Siraha
665,Customer 665,51,Male,Butwal
666,Customer 666,26,Female,Ramechhap
667,Customer 667,25,Male,Dhankuta
668,Customer 668,62,Female,Butwal
669,Customer 669,36,Female,Hetauda
670,Customer 670,62,Female,Mahendranagar
671,Customer 671,52,Female,Dhulikhel
672,Customer 672,50,Female,Gulariya
673,Customer 673,61,Male,Birgunj
674,Customer 674,65,Male,Siddharthanagar
675,Customer 675,29,Female,Jaleshwar
676,Customer 676,48,Female,Biratnagar
677,Customer 677,57,Male,Madhyapur Thimi
678,Customer 678,43,Male,Birendranagar
679,Customer 679,27,Male,Jaleshwar
680,Customer 680,21,Male,Bhadrapur
681,Customer 681,62,Male,Bhadrapur
682,Customer 682,55,Female,Gaur
683,Customer 683,56,Female,Nepalgunj
684,Customer 684,58,Male,Nepalganj
685,Customer 685,34,Female,Lalitpur
686,Customer 686,24,Male,Tulsipur
687,Customer 687,38,Male,Rajbiraj
688,Customer 688,33,Male,Kirtipur
689,Customer 689,43,Male,Mahendranagar
690,Customer 690,47,Male,Rajbiraj
691,Customer 691,31,Female,Gulariya
692,Customer 692,30,Male,Panauti
693,Customer 693,54,Male,Rajbiraj
694,Customer 694,60,Male,Nepalgunj
695,Customer 695,23,Female,Birgunj
696,Customer 696,58,Male,Butwal
697,Customer 697,39,Male,Kalaiya
698,Customer 698,38,Male,Birgunj
699,Customer 699,40,Female,Bhimdatta
700,Customer 700,62,Female,Jaleshwar
701,Customer 701,48,Male,Birendranagar
702,Customer 702,60,Male,Ghorahi
703,Customer 703,26,Male,Gulariya
704,Customer 704,61,Female,Biratnagar
705,Customer 705,29,Female,Triyuga
706,Customer 706,58,Male,Siraha
707,Customer 707,51,Male,Biratnagar
708,Customer 708,64,Female,Khandbari
709,Customer 709,29,Male,Itahari
710,Customer 710,55,Male,Tulsipur
711,Customer 711,36,Male,Butwal
712,Customer 712,36,Female,Gulariya
713,Customer 713,55,Female,Kirtipur
714,Customer 714,19,Female,Madhyapur Thimi
715,Customer 715,21,Female,Dhankuta
716,Customer 716,49,Male,Butwal
717,Customer 717,48,Female,Tulsipur
718,Customer 718,53,Female,Bhimdatta
719,Customer 719,20,Female,Bharatpur
720,Customer 720,33,Male,Dhankuta
721,Customer 721,55,Female,Bharatpur
722,Customer 722,47,Male,Dhulikhel
723,Customer 723,65,Female,Dhangadhi
724,Customer 724,34,Female,Butwal
725,Customer 725,44,Female,Lamki Chuha
726,Customer 726,56,Male,Dhankuta
727,Customer 727,49,Female,Birendranagar
728,Customer 728,24,Male,Siddharthanagar
729,Customer 729,59,Male,Kathmandu
730,Customer 730,20,Male,Nepalganj
731,Customer 731,65,Male,Kirtipur
732,Customer 732,60,Female,Siddharthanagar
733,Customer 733,22,Male,Gaur
734,Customer 734,54,Female,Triyuga
735,Customer 735,24,Female,Tikapur
736,Customer 736,43,Female,Birgunj
737,Customer 737,49,Male,Lamki Chuha
738,Customer 738,21,Male,Kirtipur
739,Customer 739,62,Male,Dipayal Silgadhi
740,Customer 740,53,Female,Janakpur
741,Customer 741,20,Male,Triyuga
742,Customer 742,34,Female,Dharan
743,Customer 743,55,Female,Tikapur
744,Customer 744,62,Female,Pokhara
745,Customer 745,23,Female,Khandbari
746,Customer 746,27,Female,Nepalganj
747,Customer 747,37,Female,Pokhara
748,Customer 748,28,Female,Madhyapur Thimi
749,Customer 749,21,Female,Lalitpur
750,Customer 750,20,Male,Tikapur
751,Customer 751,62,Female,Tansen
752,Customer 752,40,Male,Siraha
753,Customer 753,39,Male,Bharatpur
754,Customer 754,32,Female,Pokhara
755,Customer 755,64,Male,Kirtipur
756,Customer 756,19,Female,Baglung
757,Customer 757,27,Female,Panauti
758,Customer 758,28,Female,Tulsipur
759,Customer 759,40,Male,Bhimdatta
760,Customer 760,56,Female,Ramechhap
761,Customer 761,27,Male,Biratnagar
762,Customer 762,24,Female,Kalaiya
763,Customer 763,28,Male,Birendranagar
764,Customer 764,23,Male,Lahan
765,Customer 765,37,Female,Triyuga
766,Customer 766,18,Male,Mahendranagar
767,Customer 767,41,Female,Siddharthanagar
768,Customer 768,64,Male,Damauli
769,Customer 769,61,Female,Lalitpur
770,Customer 770,39,Male,Birendranagar
771,Customer 771,40,Female,Gorkha
772,Customer 772,57,Female,Bhadrapur
773,Customer 773,57,Male,Ghorahi
774,Customer 774,20,Male,Pokhara
775,Customer 775,62,Female,Ghorahi
776,Customer 776,37,Male,Damauli
777,Customer 777,63,Female,Pokhara
778,Customer 778,21,Female,Siddharthanagar
779,Customer 779,63,Male,Janakpur
780,Customer 780,24,Female,Hetauda
781,Customer 781,43,Female,Baglung
782,Customer 782,28,Male,Birendranagar
783,Customer 783,20,Female,Bhadrapur
784,Customer 784,36,Male,Siddharthanagar
785,Customer 785,64,Female,Nepalganj
786,Customer 786,31,Male,Tulsipur
787,Customer 787,34,Male,Bhimdatta
788,Customer 788,24,Female,Mahendranagar
789,Customer 789,27,Female,Kathmandu
790,Customer 790,48,Male,Bhimdatta
791,Customer 791,25,Male,Hetauda
792,Customer 792,65,Male,Kalaiya
793,Customer 793,25,Male,Butwal
794,Customer 794,60,Male,Itahari
795,Customer 795,50,Female,Lamki Chuha
796,Customer 796,63,Female,Dhankuta
797,Customer 797,63,Male,Dhulikhel
798,Customer 798,38,Male,Hetauda
799,Customer 799,31,Male,Kalaiya
800,Customer 800,46,Male,Tikapur
801,Customer 801,50,Female,Kalaiya
802,Customer 802,35,Male,Rajbiraj
803,Customer 803,64,Male,Kathmandu
804,Customer 804,47,Female,Madhyapur Thimi
805,Customer 805,43,Male,Madhyapur Thimi
806,Customer 806,32,Male,Ghorahi
807,Customer 807,46,Female,Ramechhap
808,Customer 808,41,Female,Gorkha
809,Customer 809,53,Female,Rajbiraj
810,Customer 810,41,Male,Birendranagar
811,Customer 811,54,Male,Ghorahi
812,Customer 812,23,Male,Biratnagar
813,Customer 813,45,Male,Bhimdatta
814,Customer 814,46,Male,Siddharthanagar
815,Customer 815,63,Male,Narayangarh
816,Customer 816,21,Female,Lahan
817,Customer 817,24,Male,Khandbari
818,Customer 818,60,Female,Tikapur
819,Customer 819,64,Female,Birendranagar
820,Customer 820,29,Male,Birgunj
821,Customer 821,52,Female,Tansen
822,Customer 822,39,Male,Siddharthanagar
823,Customer 823,32,Male,Jaleshwar
824,Customer 824,36,Female,Dharan
825,Customer 825,20,Male,Lalitpur
826,Customer 826,62,Male,Siraha
827,Customer 827,48,Male,Mahendranagar
828,Customer 828,51,Female,Birendranagar
829,Customer 829,57,Male,Tikapur
830,Customer 830,24,Male,Panauti
831,Customer 831,25,Male,Siddharthanagar
832,Customer 832,61,Male,Biratnagar
833,Customer 833,57,Male,Madhyapur Thimi
834,Customer 834,21,Female,Narayangarh
835,Customer 835,65,Male,Gaur
836,Customer 836,40,Male,Kathmandu
837,Customer 837,54,Female,Kirtipur
838,Customer 838,46,Female,Panauti
839,Customer 839,24,Male,Pokhara
840,Customer 840,44,Female,Biratnagar
841,Customer 841,37,Female,Rajbiraj
842,Customer 842,29,Male,Narayangarh
843,Customer 843,53,Male,Pokhara
844,Customer 844,33,Female,Bhadrapur
845,Customer 845,54,Male,Bhadrapur
846,Customer 846,57,Male,Tansen
847,Customer 847,25,Female,Panauti
848,Customer 848,51,Male,Ghorahi
849,Customer 849,59,Male,Lahan
850,Customer 850,25,Male,Baglung
851,Customer 851,49,Female,Dhulikhel
852,Customer 852,55,Male,Itahari
853,Customer 853,52,Female,Birendranagar
854,Customer 854,29,Female,Panauti
855,Customer 855,46,Male,Hetauda
856,Customer 856,19,Male,Lamki Chuha
857,Customer 857,35,Male,Birendranagar
858,Customer 858,48,Male,Bhimdatta
859,Customer 859,39,Male,Gorkha
860,Customer 860,27,Female,Siddharthanagar
861,Customer 861,34,Female,Kirtipur
862,Customer 862,18,Female,Tikapur
863,Customer 863,30,Male,Lamki Chuha
864,Customer 864,26,Male,Ramechhap
865,Customer 865,65,Female,Itahari
866,Customer 866,57,Female,Rajbiraj
867,Customer 867,27,Female,Madhyapur Thimi
868,Customer 868,59,Female,Madhyapur Thimi
869,Customer 869,22,Female,Gorkha
870,Customer 870,48,Male,Birendranagar
871,Customer 871,65,Male,Tulsipur
872,Customer 872,53,Female,Rajbiraj
873,Customer 873,42,Female,Birgunj
874,Customer 874,36,Female,Mahendranagar
875,Customer 875,51,Female,Janakpur
876,Customer 876,54,Female,Gulariya
877,Customer 877,24,Male,Jaleshwar
878,Customer 878,38,Male,Dipayal Silgadhi
879,Customer 879,36,Male,Dipayal Silgadhi
880,Customer 880,65,Female,Bharatpur
881,Customer 881,45,Female,Kirtipur
882,Customer 882,43,Male,Narayangarh
883,Customer 883,38,Male,Dipayal Silgadhi
884,Customer 884,60,Female,Rajbiraj
885,Customer 885,37,Female,Dhankuta
886,Customer 886,63,Female,Bhadrapur
887,Customer 887,27,Female,Kirtipur
888,Customer 888,64,Female,Birendranagar
889,Customer 889,31,Female,Jaleshwar
890,Customer 890,29,Male,Tansen
891,Customer 891,45,Male,Itahari
892,Customer 892,19,Male,Siddharthanagar
893,Customer 893,44,Male,Gulariya
894,Customer 894,49,Male,Lamki Chuha
895,Customer 895,29,Female,Siraha
896,Customer 896,23,Male,Panauti
897,Customer 897,52,Male,Madhyapur Thimi
898,Customer 898,52,Female,Nepalgunj
899,Customer 899,26,Male,Narayangarh
900,Customer 900,22,Female,Dhulikhel
901,Customer 901,25,Male,Birgunj
902,Customer 902,28,Male,Rajbiraj
903,Customer 903,59,Female,Panauti
904,Customer 904,34,Male,Siraha
905,Customer 905,20,Female,Triyuga
906,Customer 906,45,Female,Narayangarh
907,Customer 907,41,Female,Pokhara
908,Customer 908,33,Male,Bhadrapur
909,Customer 909,33,Female,Tikapur
910,Customer 910,19,Male,Baglung
911,Customer 911,25,Male,Dharan
912,Customer 912,33,Male,Bhimdatta
913,Customer 913,43,Female,Bharatpur
914,Customer 914,50,Female,Hetauda
915,Customer 915,64,Female,Siddharthanagar
916,Customer 916,19,Male,Bhadrapur
917,Customer 917,61,Male,Biratnagar
918,Customer 918,58,Female,Kathmandu
919,Customer 919,42,Female,Tulsipur
920,Customer 920,47,Male,Gorkha
921,Customer 921,37,Female,Rajbiraj
922,Customer 922,19,Female,Janakpur
923,Customer 923,65,Male,Jaleshwar
924,Customer 924,18,Female,Panauti
925,Customer 925,58,Female,Nepalgunj
926,Customer 926,25,Female,Biratnagar
927,Customer 927,35,Female,Ramechhap
928,Customer 928,35,Female,Kathmandu
929,Customer 929,27,Male,Tulsipur
930,Customer 930,65,Female,Nepalganj
931,Customer 931,48,Male,Tansen
932,Customer 932,31,Male,Panauti
933,Customer 933,52,Female,Dhulikhel
934,Customer 934,18,Female,Bhadrapur
935,Customer 935,42,Female,Gorkha
936,Customer 936,57,Male,Khandbari
937,Customer 937,33,Male,Siddharthanagar
938,Customer 938,53,Male,Siddharthanagar
939,Customer 939,20,Female,Gaur
940,Customer 940,25,Female,Madhyapur Thimi
941,Customer 941,51,Female,Bhadrapur
942,Customer 942,27,Male,Siddharthanagar
943,Customer 943,26,Female,Tulsipur
944,Customer 944,26,Male,Tikapur
945,Customer 945,65,Female,Rajbiraj
946,Customer 946,35,Female,Gulariya
947,Customer 947,18,Female,Narayangarh
948,Customer 948,32,Female,Dhankuta
949,Customer 949,65,Male,Rajbiraj
950,Customer 950,63,Male,Ramechhap
951,Customer 951,27,Male,Biratnagar
952,Customer 952,53,Male,Dharan
953,Customer 953,21,Female,Tulsipur
954,Customer 954,65,Male,Nepalgunj
955,Customer 955,62,Male,Lalitpur
956,Customer 956,58,Male,Lahan
957,Customer 957,20,Male,Rajbiraj
958,Customer 958,62,Female,Nepalgunj
959,Customer 959,30,Female,Gulariya
960,Customer 960,26,Male,Damauli
961,Customer 961,53,Male,Dhankuta
962,Customer 962,40,Male,Pokhara
963,Customer 963,45,Male,Jaleshwar
964,Customer 964,22,Female,Nepalgunj
965,Customer 965,39,Male,Butwal
966,Customer 966,54,Female,Tikapur
967,Customer 967,20,Male,Dhankuta
968,Customer 968,64,Female,Bhimdatta
969,Customer 969,53,Female,Butwal
970,Customer 970,44,Female,Dhulikhel
971,Customer 971,51,Male,Siraha
972,Customer 972,54,Female,Lamki Chuha
973,Customer 973,28,Male,Birgunj
974,Customer 974,52,Female,Siddharthanagar
975,Customer 975,64,Female,Tulsipur
976,Customer 976,43,Female,Hetauda
977,Customer 977,64,Female,Hetauda
978,Customer 978,30,Female,Khandbari
979,Customer 979,42,Male,Tansen
980,Customer 980,27,Male,Birendranagar
981,Customer 981,36,Male,Janakpur
982,Customer 982,39,Male,Butwal
983,Customer 983,30,Male,Dhulikhel
984,Customer 984,31,Female,Khandbari
985,Customer 985,38,Female,Gulariya
986,Customer 986,51,Female,Dhankuta
987,Customer 987,29,Female,Lahan
988,Customer 988,62,Female,Gulariya
989,Customer 989,59,Female,Lahan
990,Customer 990,54,Male,Dhankuta
991,Customer 991,31,Male,Lahan
992,Customer 992,48,Male,Triyuga
993,Customer 993,62,Female,Kalaiya
994,Customer 994,60,Female,Hetauda
995,Customer 995,50,Female,Lalitpur
996,Customer 996,61,Female,Baglung
997,Customer 997,46,Male,Madhyapur Thimi
998,Customer 998,51,Male,Kalaiya
999,Customer 999,63,Male,Damauli
1000,Customer 1000,59,Female,Tansen
1001,Customer 1001,60,Female,Baglung
1002,Customer 1002,20,Male,Janakpur
1003,Customer 1003,30,Male,Tansen
1004,Customer 1004,49,Female,Pokhara
1005,Customer 1005,45,Female,Narayangarh
1006,Customer 1006,62,Female,Pokhara
1007,Customer 1007,55,Male,Kathmandu
1008,Customer 1008,37,Female,Tansen
1009,Customer 1009,19,Male,Triyuga
1010,Customer 1010,49,Female,Panauti
1011,Customer 1011,21,Female,Tulsipur
1012,Customer 1012,50,Male,Dhulikhel
1013,Customer 1013,63,Female,Itahari
1014,Customer 1014,35,Male,Lalitpur
1015,Customer 1015,44,Male,Gaur
1016,Customer 1016,39,Male,Bharatpur
1017,Customer 1017,33,Male,Dhangadhi
1018,Customer 1018,55,Male,Tansen
1019,Customer 1019,59,Male,Tulsipur
1020,Customer 1020,21,Female,Madhyapur Thimi
1021,Customer 1021,57,Male,Siddharthanagar
1022,Customer 1022,54,Male,Birendranagar
1023,Customer 1023,62,Male,Narayangarh
1024,Customer 1024,55,Male,Siraha
1025,Customer 1025,46,Female,Jaleshwar
1026,Customer 1026,59,Male,Dipayal Silgadhi
1027,Customer 1027,19,Male,Lamki Chuha
1028,Customer 1028,26,Female,Gulariya
1029,Customer 1029,56,Female,Birgunj
1030,Customer 1030,47,Female,Siddharthanagar
1031,Customer 1031,46,Female,Hetauda
1032,Customer 1032,56,Male,Panauti
1033,Customer 1033,45,Male,Waling
1034,Customer 1034,34,Female,Gulariya
1035,Customer 1035,20,Female,Khandbari
1036,Customer 1036,50,Female,Narayangarh
1037,Customer 1037,41,Female,Tansen
1038,Customer 1038,52,Female,Itahari
1039,Customer 1039,36,Female,Tansen
1040,Customer 1040,62,Female,Damauli
1041,Customer 1041,46,Male,Bhimdatta
1042,Customer 1042,22,Female,Kalaiya
1043,Customer 1043,57,Female,Khandbari
1044,Customer 1044,49,Female,Tikapur
1045,Customer 1045,54,Female,Dhangadhi
1046,Customer 1046,51,Female,Itahari
1047,Customer 1047,65,Male,Narayangarh
1048,Customer 1048,59,Male,Nepalganj
1049,Customer 1049,58,Female,Gaur
1050,Customer 1050,46,Female,Panauti
1051,Customer 1051,45,Male,Kirtipur
1052,Customer 1052,29,Female,Rajbiraj
1053,Customer 1053,62,Male,Madhyapur Thimi
1054,Customer 1054,19,Female,Lalitpur
1055,Customer 1055,29,Female,Butwal
1056,Customer 1056,60,Female,Kirtipur
1057,Customer 1057,30,Female,Gaur
1058,Customer 1058,48,Female,Lamki Chuha
1059,Customer 1059,46,Female,Jaleshwar
1060,Customer 1060,31,Female,Madhyapur Thimi
1061,Customer 1061,29,Female,Lamki Chuha
1062,Customer 1062,21,Male,Rajbiraj
1063,Customer 1063,48,Male,Nepalganj
1064,Customer 1064,20,Male,Tulsipur
1065,Customer 1065,54,Male,Tulsipur
1066,Customer 1066,31,Female,Rajbiraj
1067,Customer 1067,60,Female,Narayangarh
1068,Customer 1068,48,Female,Tulsipur
1069,Customer 1069,33,Female,Biratnagar
1070,Customer 1070,34,Male,Siraha
1071,Customer 1071,42,Male,Bhadrapur
1072,Customer 1072,34,Female,Ghorahi
1073,Customer 1073,37,Male,Siddharthanagar
1074,Customer 1074,51,Female,Rajbiraj
1075,Customer 1075,46,Female,Dhankuta
1076,Customer 1076,57,Female,Damauli
1077,Customer 1077,27,Female,Baglung
1078,Customer 1078,19,Male,Itahari
1079,Customer 1079,40,Female,Gulariya
1080,Customer 1080,44,Female,Tikapur
1081,Customer 1081,51,Female,Ramechhap
1082,Customer 1082,33,Male,Biratnagar
1083,Customer 1083,29,Female,Hetauda
1084,Customer 1084,32,Female,Nepalgunj
1085,Customer 1085,58,Male,Siddharthanagar
1086,Customer 1086,40,Male,Lalitpur
1087,Customer 1087,55,Female,Birgunj
1088,Customer 1088,32,Male,Narayangarh
1089,Customer 1089,19,Female,Birgunj
1090,Customer 1090,40,Male,Narayangarh
1091,Customer 1091,41,Female,Birendranagar
1092,Customer 1092,26,Male,Birgunj
1093,Customer 1093,47,Female,Baglung
1094,Customer 1094,57,Female,Kathmandu
1095,Customer 1095,29,Male,Birendranagar
1096,Customer 1096,30,Female,Lahan
1097,Customer 1097,36,Female,Hetauda
1098,Customer 1098,30,Female,Dhankuta
1099,Customer 1099,32,Female,Bhadrapur
1100,Customer 1100,41,Female,Hetauda
1101,Customer 1101,45,Female,Siddharthanagar
1102,Customer 1102,60,Female,Madhyapur Thimi
1103,Customer 1103,20,Male,Kathmandu
1104,Customer 1104,63,Female,Lamki Chuha
1105,Customer 1105,18,Female,Kalaiya
1106,Customer 1106,25,Male,Lalitpur
1107,Customer 1107,51,Female,Tulsipur
1108,Customer 1108,62,Male,Bhimdatta
1109,Customer 1109,62,Female,Gulariya
1110,Customer 1110,18,Female,Tulsipur
1111,Customer 1111,18,Male,Jaleshwar
1112,Customer 1112,36,Female,Narayangarh
1113,Customer 1113,38,Male,Damauli
1114,Customer 1114,48,Female,Biratnagar
1115,Customer 1115,65,Male,Gulariya
1116,Customer 1116,18,Female,Lalitpur
1117,Customer 1117,49,Female,Gaur
1118,Customer 1118,30,Male,Narayangarh
1119,Customer 1119,64,Female,Itahari
1120,Customer 1120,46,Female,Dipayal Silgadhi
1121,Customer 1121,30,Male,Madhyapur Thimi
1122,Customer 1122,33,Male,Bhimdatta
1123,Customer 1123,46,Female,Lahan
1124,Customer 1124,50,Male,Itahari
1125,Customer 1125,40,Female,Narayangarh
1126,Customer 1126,63,Female,Biratnagar
1127,Customer 1127,56,Male,Biratnagar
1128,Customer 1128,25,Male,Kalaiya
1129,Customer 1129,39,Female,Ramechhap
1130,Customer 1130,63,Female,Gulariya
1131,Customer 1131,24,Male,Damauli
1132,Customer 1132,47,Female,Triyuga
1133,Customer 1133,46,Female,Dipayal Silgadhi
1134,Customer 1134,61,Female,Gaur
1135,Customer 1135,61,Male,Ghorahi
1136,Customer 1136,52,Female,Nepalganj
1137,Customer 1137,55,Female,Butwal
1138,Customer 1138,51,Male,Bhadrapur
1139,Customer 1139,28,Male,Dipayal Silgadhi
1140,Customer 1140,18,Female,Dipayal Silgadhi
1141,Customer 1141,50,Male,Jaleshwar
1142,Customer 1142,52,Female,Siddharthanagar
1143,Customer 1143,27,Female,Birendranagar
1144,Customer 1144,53,Male,Kalaiya
1145,Customer 1145,35,Male,Janakpur
1146,Customer 1146,36,Female,Siddharthanagar
1147,Customer 1147,57,Male,Triyuga
1148,Customer 1148,56,Male,Dipayal Silgadhi
1149,Customer 1149,47,Female,Itahari
1150,Customer 1150,35,Female,Gulariya
1151,Customer 1151,56,Male,Pokhara
1152,Customer 1152,55,Male,Waling
1153,Customer 1153,55,Male,Tulsipur
1154,Customer 1154,22,Male,Lamki Chuha
1155,Customer 1155,28,Male,Ghorahi
1156,Customer 1156,58,Male,Rajbiraj
1157,Customer 1157,23,Male,Tikapur
1158,Customer 1158,36,Male,Triyuga
1159,Customer 1159,18,Female,Dharan
1160,Customer 1160,26,Male,Waling
1161,Customer 1161,62,Male,Mahendranagar
1162,Customer 1162,35,Female,Tikapur
1163,Customer 1163,40,Male,Kirtipur
1164,Customer 1164,49,Male,Janakpur
1165,Customer 1165,46,Male,Siddharthanagar
1166,Customer 1166,54,Female,Itahari
1167,Customer 1167,19,Female,Siddharthanagar
1168,Customer 1168,31,Female,Tikapur
1169,Customer 1169,32,Female,Biratnagar
1170,Customer 1170,30,Female,Tulsipur
1171,Customer 1171,22,Male,Madhyapur Thimi
1172,Customer 1172,65,Male,Hetauda
1173,Customer 1173,62,Male,Butwal
1174,Customer 1174,55,Female,Tulsipur
1175,Customer 1175,51,Male,Jaleshwar
1176,Customer 1176,23,Male,Lahan
1177,Customer 1177,30,Male,Tulsipur
1178,Customer 1178,57,Female,Nepalganj
1179,Customer 1179,57,Male,Bharatpur
1180,Customer 1180,33,Male,Ramechhap
1181,Customer 1181,43,Female,Pokhara
1182,Customer 1182,56,Male,Narayangarh
1183,Customer 1183,47,Male,Bhadrapur
1184,Customer 1184,23,Male,Madhyapur Thimi
1185,Customer 1185,64,Female,Tikapur
1186,Customer 1186,37,Male,Baglung
1187,Customer 1187,65,Female,Tulsipur
1188,Customer 1188,59,Male,Tulsipur
1189,Customer 1189,18,Female,Mahendranagar
1190,Customer 1190,63,Female,Lahan
1191,Customer 1191,64,Male,Lalitpur
1192,Customer 1192,63,Female,Gaur
1193,Customer 1193,56,Female,Tansen
1194,Customer 1194,40,Female,Tansen
1195,Customer 1195,64,Female,Damauli
1196,Customer 1196,40,Male,Triyuga
1197,Customer 1197,29,Male,Hetauda
1198,Customer 1198,64,Female,Hetauda
1199,Customer 1199,51,Male,Janakpur
1200,Customer 1200,63,Female,Hetauda
1201,Customer 1201,19,Female,Bharatpur
1202,Customer 1202,36,Female,Siraha
1203,Customer 1203,31,Male,Birgunj
1204,Customer 1204,49,Male,Kathmandu
1205,Customer 1205,32,Female,Gulariya
1206,Customer 1206,47,Female,Siddharthanagar
1207,Customer 1207,56,Male,Rajbiraj
1208,Customer 1208,57,Male,Pokhara
1209,Customer 1209,26,Female,Kirtipur
1210,Customer 1210,42,Female,Rajbiraj
1211,Customer 1211,21,Female,Birgunj
1212,Customer 1212,37,Female,Birendranagar
1213,Customer 1213,62,Male,Lahan
1214,Customer 1214,62,Female,Tikapur
1215,Customer 1215,22,Female,Panauti
1216,Customer 1216,36,Male,Bhadrapur
1217,Customer 1217,19,Female,Gulariya
1218,Customer 1218,50,Male,Tulsipur
1219,Customer 1219,57,Female,Triyuga
1220,Customer 1220,64,Male,Bhadrapur
1221,Customer 1221,26,Female,Rajbiraj
1222,Customer 1222,51,Male,Biratnagar
1223,Customer 1223,59,Female,Damauli
1224,Customer 1224,63,Male,Siraha
1225,Customer 1225,20,Female,Pokhara
1226,Customer 1226,59,Female,Dhankuta
1227,Customer 1227,43,Female,Dhangadhi
1228,Customer 1228,53,Female,Hetauda
1229,Customer 1229,46,Female,Siddharthanagar
1230,Customer 1230,41,Male,Ramechhap
1231,Customer 1231,33,Female,Gaur
1232,Customer 1232,29,Male,Bhadrapur
1233,Customer 1233,41,Male,Panauti
1234,Customer 1234,25,Female,Dhankuta
1235,Customer 1235,21,Female,Rajbiraj
1236,Customer 1236,43,Female,Birendranagar
1237,Customer 1237,34,Male,Dhangadhi
1238,Customer 1238,65,Male,Waling
1239,Customer 1239,60,Male,Tikapur
1240,Customer 1240,54,Female,Dipayal Silgadhi
1241,Customer 1241,50,Female,Siddharthanagar
1242,Customer 1242,39,Male,Damauli
1243,Customer 1243,42,Male,Rajbiraj
1244,Customer 1244,24,Male,Hetauda
1245,Customer 1245,65,Male,Dipayal Silgadhi
1246,Customer 1246,62,Female,Pokhara
1247,Customer 1247,26,Male,Mahendranagar
1248,Customer 1248,56,Female,Bharatpur
1249,Customer 1249,22,Male,Tulsipur
1250,Customer 1250,42,Female,Tulsipur
1251,Customer 1251,48,Male,Dharan
1252,Customer 1252,29,Female,Janakpur
1253,Customer 1253,57,Female,Waling
1254,Customer 1254,32,Male,Nepalganj
1255,Customer 1255,46,Male,Janakpur
1256,Customer 1256,42,Male,Butwal
1257,Customer 1257,48,Female,Tikapur
1258,Customer 1258,34,Male,Tikapur
1259,Customer 1259,52,Female,Kathmandu
1260,Customer 1260,39,Male,Dhangadhi
1261,Customer 1261,65,Male,Janakpur
1262,Customer 1262,22,Female,Kirtipur
1263,Customer 1263,62,Male,Siddharthanagar
1264,Customer 1264,21,Male,Janakpur
1265,Customer 1265,35,Male,Gaur
1266,Customer 1266,64,Male,Kalaiya
1267,Customer 1267,27,Male,Baglung
1268,Customer 1268,44,Female,Rajbiraj
1269,Customer 1269,57,Male,Khandbari
1270,Customer 1270,32,Male,Panauti
1271,Customer 1271,24,Female,Baglung
1272,Customer 1272,52,Female,Rajbiraj
1273,Customer 1273,25,Female,Madhyapur Thimi
1274,Customer 1274,46,Female,Rajbiraj
1275,Customer 1275,18,Male,Siraha
1276,Customer 1276,53,Female,Tikapur
1277,Customer 1277,48,Male,Biratnagar
1278,Customer 1278,20,Male,Khandbari
1279,Customer 1279,18,Male,Dharan
1280,Customer 1280,61,Female,Bharatpur
1281,Customer 1281,56,Female,Nepalgunj
1282,Customer 1282,49,Male,Pokhara
1283,Customer 1283,41,Female,Kalaiya
1284,Customer 1284,65,Female,Khandbari
1285,Customer 1285,28,Female,Panauti
1286,Customer 1286,31,Male,Mahendranagar
1287,Customer 1287,26,Male,Kathmandu
1288,Customer 1288,41,Female,Waling
1289,Customer 1289,60,Male,Bhadrapur
1290,Customer 1290,53,Female,Janakpur
1291,Customer 1291,59,Male,Lahan
1292,Customer 1292,53,Female,Itahari
1293,Customer 1293,46,Female,Baglung
1294,Customer 1294,54,Female,Triyuga
1295,Customer 1295,33,Male,Triyuga
1296,Customer 1296,52,Female,Tansen
1297,Customer 1297,27,Male,Lahan
1298,Customer 1298,56,Male,Kirtipur
1299,Customer 1299,40,Male,Gorkha
1300,Customer 1300,25,Male,Pokhara
1301,Customer 1301,40,Female,Tikapur
1302,Customer 1302,21,Male,Butwal
1303,Customer 1303,31,Male,Mahendranagar
1304,Customer 1304,57,Female,Lahan
1305,Customer 1305,50,Male,Butwal
1306,Customer 1306,57,Female,Janakpur
1307,Customer 1307,55,Female,Rajbiraj
1308,Customer 1308,24,Female,Khandbari
1309,Customer 1309,27,Female,Ghorahi
1310,Customer 1310,22,Male,Dhangadhi
1311,Customer 1311,45,Male,Bhimdatta
1312,Customer 1312,50,Female,Khandbari
1313,Customer 1313,18,Male,Butwal
1314,Customer 1314,51,Female,Tansen
1315,Customer 1315,47,Male,Gulariya
1316,Customer 1316,47,Female,Siraha
1317,Customer 1317,28,Male,Birendranagar
1318,Customer 1318,31,Female,Lamki Chuha
1319,Customer 1319,40,Female,Lahan
1320,Customer 1320,46,Female,Kirtipur
1321,Customer 1321,18,Female,Kalaiya
1322,Customer 1322,52,Female,Lahan
1323,Customer 1323,60,Female,Lalitpur
1324,Customer 1324,21,Female,Gaur
1325,Customer 1325,22,Female,Birendranagar
1326,Customer 1326,42,Female,Khandbari
1327,Customer 1327,37,Male,Waling
1328,Customer 1328,30,Male,Birendranagar
1329,Customer 1329,52,Female,Ramechhap
1330,Customer 1330,41,Male,Gulariya
1331,Customer 1331,26,Female,Nepalganj
1332,Customer 1332,34,Female,Ghorahi
1333,Customer 1333,45,Female,Biratnagar
1334,Customer 1334,64,Male,Dhankuta
1335,Customer 1335,65,Male,Dhankuta
1336,Customer 1336,54,Male,Birendranagar
1337,Customer 1337,23,Male,Itahari
1338,Customer 1338,37,Female,Gaur
1339,Customer 1339,44,Male,Baglung
1340,Customer 1340,49,Male,Kathmandu
1341,Customer 1341,59,Male,Jaleshwar
1342,Customer 1342,52,Male,Janakpur
1343,Customer 1343,59,Female,Triyuga
1344,Customer 1344,34,Male,Dhulikhel
1345,Customer 1345,26,Female,Triyuga
1346,Customer 1346,29,Male,Siraha
1347,Customer 1347,18,Male,Siddharthanagar
1348,Customer 1348,65,Male,Dipayal Silgadhi
1349,Customer 1349,27,Female,Panauti
1350,Customer 1350,33,Male,Gulariya
1351,Customer 1351,29,Male,Tansen
1352,Customer 1352,24,Male,Dhulikhel
1353,Customer 1353,53,Male,Pokhara
1354,Customer 1354,60,Male,Baglung
1355,Customer 1355,61,Female,Tulsipur
1356,Customer 1356,57,Male,Lahan
1357,Customer 1357,47,Male,Dhangadhi
1358,Customer 1358,47,Female,Triyuga
1359,Customer 1359,47,Male,Nepalganj
1360,Customer 1360,19,Female,Narayangarh
1361,Customer 1361,63,Female,Bhadrapur
1362,Customer 1362,45,Female,Lalitpur
1363,Customer 1363,32,Male,Birendranagar
1364,Customer 1364,19,Male,Madhyapur Thimi
1365,Customer 1365,23,Female,Kalaiya
1366,Customer 1366,53,Male,Lalitpur
1367,Customer 1367,38,Female,Waling
1368,Customer 1368,47,Female,Tikapur
1369,Customer 1369,57,Male,Rajbiraj
1370,Customer 1370,31,Female,Tulsipur
1371,Customer 1371,28,Male,Tulsipur
1372,Customer 1372,19,Female,Bharatpur
1373,Customer 1373,44,Female,Tulsipur
1374,Customer 1374,59,Female,Ghorahi
1375,Customer 1375,33,Male,Biratnagar
1376,Customer 1376,63,Male,Dhangadhi
1377,Customer 1377,61,Female,Bharatpur
1378,Customer 1378,36,Female,Ghorahi
1379,Customer 1379,47,Female,Khandbari
1380,Customer 1380,38,Female,Panauti
1381,Customer 1381,20,Male,Lahan
1382,Customer 1382,31,Female,Lahan
1383,Customer 1383,63,Male,Kalaiya
1384,Customer 1384,46,Female,Birendranagar
1385,Customer 1385,44,Male,Panauti
1386,Customer 1386,65,Male,Nepalgunj
1387,Customer 1387,20,Male,Panauti
1388,Customer 1388,42,Female,Gulariya
1389,Customer 1389,49,Male,Panauti
1390,Customer 1390,31,Male,Tulsipur
1391,Customer 1391,43,Female,Tulsipur
1392,Customer 1392,64,Male,Birgunj
1393,Customer 1393,46,Male,Birgunj
1394,Customer 1394,48,Male,Dhankuta
1395,Customer 1395,34,Female,Itahari
1396,Customer 1396,58,Female,Lahan
1397,Customer 1397,47,Male,Tikapur
1398,Customer 1398,62,Male,Jaleshwar
1399,Customer 1399,47,Male,Kalaiya
1400,Customer 1400,62,Male,Dharan
1401,Customer 1401,39,Female,Jaleshwar
1402,Customer 1402,64,Female,Lalitpur
1403,Customer 1403,21,Male,Lahan
1404,Customer 1404,52,Female,Dipayal Silgadhi
1405,Customer 1405,63,Male,Siddharthanagar
1406,Customer 1406,61,Female,Mahendranagar
1407,Customer 1407,46,Female,Dhankuta
1408,Customer 1408,65,Female,Siraha
1409,Customer 1409,18,Female,Tikapur
1410,Customer 1410,36,Female,Bhimdatta
1411,Customer 1411,61,Male,Baglung
1412,Customer 1412,55,Male,Siraha
1413,Customer 1413,33,Male,Panauti
1414,Customer 1414,44,Male,Kalaiya
1415,Customer 1415,55,Female,Tulsipur
1416,Customer 1416,36,Female,Lamki Chuha
1417,Customer 1417,37,Female,Ghorahi
1418,Customer 1418,50,Male,Dharan
1419,Customer 1419,45,Male,Tansen
1420,Customer 1420,61,Female,Baglung
1421,Customer 1421,18,Male,Triyuga
1422,Customer 1422,28,Female,Nepalgunj
1423,Customer 1423,35,Male,Siddharthanagar
1424,Customer 1424,58,Female,Kalaiya
1425,Customer 1425,45,Male,Kirtipur
1426,Customer 1426,31,Male,Tulsipur
1427,Customer 1427,20,Male,Dhulikhel
1428,Customer 1428,21,Female,Bhadrapur
1429,Customer 1429,47,Male,Rajbiraj
1430,Customer 1430,29,Male,Dhankuta
1431,Customer 1431,53,Male,Madhyapur Thimi
1432,Customer 1432,57,Male,Birendranagar
1433,Customer 1433,22,Male,Tansen
1434,Customer 1434,64,Male,Kathmandu
1435,Customer 1435,31,Male,Lamki Chuha
1436,Customer 1436,53,Male,Itahari
1437,Customer 1437,25,Male,Gorkha
1438,Customer 1438,38,Female,Biratnagar
1439,Customer 1439,22,Female,Butwal
1440,Customer 1440,46,Male,Butwal
1441,Customer 1441,21,Female,Siddharthanagar
1442,Customer 1442,40,Male,Jaleshwar
1443,Customer 1443,44,Male,Waling
1444,Customer 1444,44,Female,Mahendranagar
1445,Customer 1445,31,Female,Gorkha
1446,Customer 1446,21,Male,Khandbari
1447,Customer 1447,28,Male,Rajbiraj
1448,Customer 1448,26,Female,Gorkha
1449,Customer 1449,52,Male,Tulsipur
1450,Customer 1450,29,Female,Bhimdatta
1451,Customer 1451,50,Female,Kathmandu
1452,Customer 1452,47,Female,Rajbiraj
1453,Customer 1453,37,Female,Triyuga
1454,Customer 1454,57,Female,Siddharthanagar
1455,Customer 1455,64,Female,Tansen
1456,Customer 1456,19,Male,Panauti
1457,Customer 1457,24,Male,Triyuga
1458,Customer 1458,29,Female,Triyuga
1459,Customer 1459,50,Female,Gulariya
1460,Customer 1460,48,Female,Birendranagar
1461,Customer 1461,61,Female,Damauli
1462,Customer 1462,18,Female,Gorkha
1463,Customer 1463,44,Female,Gulariya
1464,Customer 1464,47,Male,Hetauda
1465,Customer 1465,46,Female,Birgunj
1466,Customer 1466,37,Female,Siddharthanagar
1467,Customer 1467,23,Female,Kathmandu
1468,Customer 1468,51,Female,Mahendranagar
1469,Customer 1469,53,Female,Nepalganj
1470,Customer 1470,47,Female,Bharatpur
1471,Customer 1471,55,Male,Narayangarh
1472,Customer 1472,56,Female,Tansen
1473,Customer 1473,43,Male,Janakpur
1474,Customer 1474,28,Male,Dhangadhi
1475,Customer 1475,30,Female,Rajbiraj
1476,Customer 1476,59,Female,Dhulikhel
1477,Customer 1477,30,Female,Bharatpur
1478,Customer 1478,62,Female,Lamki Chuha
1479,Customer 1479,58,Female,Jaleshwar
1480,Customer 1480,38,Male,Lamki Chuha
1481,Customer 1481,65,Female,Khandbari
1482,Customer 1482,40,Male,Itahari
1483,Customer 1483,59,Male,Baglung
1484,Customer 1484,56,Male,Nepalganj
1485,Customer 1485,20,Female,Gulariya
1486,Customer 1486,50,Male,Gulariya
1487,Customer 1487,51,Male,Narayangarh
1488,Customer 1488,51,Male,Bharatpur
1489,Customer 1489,52,Male,Kathmandu
1490,Customer 1490,54,Female,Tulsipur
1491,Customer 1491,38,Male,Narayangarh
1492,Customer 1492,31,Female,Biratnagar
1493,Customer 1493,55,Female,Rajbiraj
1494,Customer 1494,54,Male,Madhyapur Thimi
1495,Customer 1495,38,Male,Tansen
1496,Customer 1496,62,Male,Dipayal Silgadhi
1497,Customer 1497,43,Male,Hetauda
1498,Customer 1498,30,Male,Tulsipur
1499,Customer 1499,33,Male,Nepalganj
1500,Customer 1500,33,Female,Gaur
1501,Customer 1501,27,Female,Birgunj
1502,Customer 1502,61,Male,Lalitpur
1503,Customer 1503,21,Male,Ramechhap
1504,Customer 1504,39,Female,Gorkha
1505,Customer 1505,31,Female,Janakpur
1506,Customer 1506,30,Male,Hetauda
1507,Customer 1507,25,Female,Kirtipur
1508,Customer 1508,19,Female,Birendranagar
1509,Customer 1509,39,Male,Dharan
1510,Customer 1510,53,Female,Khandbari
1511,Customer 1511,53,Male,Khandbari
1512,Customer 1512,58,Female,Siraha
1513,Customer 1513,40,Female,Baglung
1514,Customer 1514,28,Male,Baglung
1515,Customer 1515,28,Male,Mahendranagar
1516,Customer 1516,29,Female,Siraha
1517,Customer 1517,25,Female,Tulsipur
1518,Customer 1518,47,Male,Gorkha
1519,Customer 1519,64,Male,Dharan
1520,Customer 1520,53,Male,Siddharthanagar
1521,Customer 1521,62,Female,Itahari
1522,Customer 1522,21,Female,Tikapur
1523,Customer 1523,37,Male,Dipayal Silgadhi
1524,Customer 1524,59,Female,Janakpur
1525,Customer 1525,58,Male,Hetauda
1526,Customer 1526,49,Male,Tulsipur
1527,Customer 1527,31,Female,Dhulikhel
1528,Customer 1528,58,Male,Bharatpur
1529,Customer 1529,60,Female,Baglung
1530,Customer 1530,47,Male,Siddharthanagar
1531,Customer 1531,45,Female,Bhadrapur
1532,Customer 1532,29,Female,Lamki Chuha
1533,Customer 1533,33,Female,Madhyapur Thimi
1534,Customer 1534,21,Female,Dhulikhel
1535,Customer 1535,45,Female,Dhankuta
1536,Customer 1536,27,Female,Kirtipur
1537,Customer 1537,37,Female,Itahari
1538,Customer 1538,32,Male,Tikapur
1539,Customer 1539,34,Female,Birgunj
1540,Customer 1540,49,Female,Kathmandu
1541,Customer 1541,43,Female,Birendranagar
1542,Customer 1542,21,Male,Khandbari
1543,Customer 1543,33,Female,Hetauda
1544,Customer 1544,27,Female,Bhadrapur
1545,Customer 1545,19,Male,Ramechhap
1546,Customer 1546,63,Male,Baglung
1547,Customer 1547,35,Male,Tulsipur
1548,Customer 1548,27,Male,Khandbari
1549,Customer 1549,31,Male,Tulsipur
1550,Customer 1550,36,Male,Pokhara
1551,Customer 1551,41,Male,Mahendranagar
1552,Customer 1552,40,Female,Birgunj
1553,Customer 1553,24,Male,Gorkha
1554,Customer 1554,27,Female,Gaur
1555,Customer 1555,62,Male,Dhangadhi
1556,Customer 1556,63,Female,Panauti
1557,Customer 1557,36,Male,Nepalgunj
1558,Customer 1558,36,Female,Dharan
1559,Customer 1559,23,Female,Narayangarh
1560,Customer 1560,23,Female,Gorkha
1561,Customer 1561,32,Male,Siddharthanagar
1562,Customer 1562,35,Female,Rajbiraj
1563,Customer 1563,29,Female,Tansen
1564,Customer 1564,22,Male,Narayangarh
1565,Customer 1565,36,Male,Ghorahi
1566,Customer 1566,45,Male,Kirtipur
1567,Customer 1567,19,Male,Tikapur
1568,Customer 1568,61,Male,Ramechhap
1569,Customer 1569,35,Male,Dhangadhi
1570,Customer 1570,51,Male,Dhankuta
1571,Customer 1571,59,Male,Gaur
1572,Customer 1572,55,Male,Mahendranagar
1573,Customer 1573,45,Male,Biratnagar
1574,Customer 1574,28,Male,Lalitpur
1575,Customer 1575,59,Male,Rajbiraj
1576,Customer 1576,58,Male,Gulariya
1577,Customer 1577,55,Male,Birgunj
1578,Customer 1578,26,Male,Kirtipur
1579,Customer 1579,62,Female,Mahendranagar
1580,Customer 1580,58,Male,Itahari
1581,Customer 1581,40,Male,Bhadrapur
1582,Customer 1582,44,Female,Lamki Chuha
1583,Customer 1583,43,Male,Gulariya
1584,Customer 1584,40,Female,Baglung
1585,Customer 1585,32,Female,Gaur
